time,end_capital,cumulative_max,drawdown
2024-01-24 04:02:00,99314.3929663143,99314.3929663143,0.0
2024-02-09 00:44:00,99314.3929663143,99314.3929663143,0.0
2024-02-17 00:53:00,107691.26539105072,107691.26539105072,0.0
2024-02-27 18:34:00,107691.26539105072,107691.26539105072,0.0
2024-02-29 02:32:00,110592.01490344363,110592.01490344363,0.0
2024-03-04 18:04:00,110592.01490344363,110592.01490344363,0.0
2024-03-04 18:49:00,110609.7037329533,110609.7037329533,0.0
2024-03-14 02:52:00,110609.7037329533,110609.7037329533,0.0
2024-03-15 04:56:00,110361.73113326568,110609.7037329533,-0.22418702095641294
2024-03-18 01:37:00,110361.73113326568,110609.7037329533,-0.22418702095641294
2024-03-18 02:55:00,110578.40832461682,110609.7037329533,-0.02829354684110386
2024-03-19 04:31:00,110578.40832461682,110609.7037329533,-0.02829354684110386
2024-03-21 01:59:00,110578.40832461682,110609.7037329533,-0.02829354684110386
2024-03-21 02:59:00,110226.24957020624,110609.7037329533,-0.34667316682525434
2024-03-21 03:07:00,110226.24957020624,110609.7037329533,-0.34667316682525434
2024-03-21 04:40:00,110147.40016031073,110609.7037329533,-0.4179593263885055
2024-03-21 14:53:00,110829.33417532915,110829.33417532915,0.0
2024-03-23 15:36:00,110829.33417532915,110829.33417532915,0.0
2024-03-28 00:02:00,110829.33417532915,110829.33417532915,0.0
2024-03-28 01:35:00,110512.61646089703,110829.33417532915,-0.2857706552049464
2024-04-03 18:33:00,110841.14333473465,110841.14333473465,0.0
2024-04-14 14:08:00,110841.14333473465,110841.14333473465,0.0
2024-04-16 07:05:00,111535.41597312177,111535.41597312177,0.0
2024-05-04 22:47:00,111535.41597312177,111535.41597312177,0.0
2024-05-05 00:05:00,111073.78926318276,111535.41597312177,-0.413883523821935
2024-05-10 10:00:00,111073.78926318276,111535.41597312177,-0.413883523821935
2024-05-10 10:45:00,110775.0781307404,111535.41597312177,-0.6817008174018908
2024-05-13 21:40:00,110775.0781307404,111535.41597312177,-0.6817008174018908
2024-05-13 22:41:00,110719.69949845727,111535.41597312177,-0.7313519813841677
2024-05-15 12:11:00,110719.69949845727,111535.41597312177,-0.7313519813841677
2024-05-15 12:26:00,110282.38645307829,111535.41597312177,-1.1234364521000553
2024-05-16 18:00:00,110282.38645307829,111535.41597312177,-1.1234364521000553
2024-05-28 21:35:00,110470.64048608941,111535.41597312177,-0.9546523655669593
2024-05-29 00:53:00,110470.64048608941,111535.41597312177,-0.9546523655669593
2024-05-29 02:49:00,110334.5593000667,111535.41597312177,-1.0766595189320436
2024-05-29 18:32:00,110334.5593000667,111535.41597312177,-1.0766595189320436
2024-06-14 19:07:00,103378.00711248016,111535.41597312177,-7.3137386806423965
2024-06-25 04:01:00,103378.00711248016,111535.41597312177,-7.3137386806423965
2024-06-26 08:34:00,104159.9003064255,111535.41597312177,-6.612711847933263
2024-06-29 13:18:00,104159.9003064255,111535.41597312177,-6.612711847933263
2024-06-30 20:50:00,104080.57739535342,111535.41597312177,-6.683830882528683
2024-07-04 19:54:00,104080.57739535342,111535.41597312177,-6.683830882528683
2024-07-06 01:42:00,104080.57739535342,111535.41597312177,-6.683830882528683
2024-07-06 02:37:00,103904.20372026156,111535.41597312177,-6.841963322841961
2024-07-06 03:05:00,103904.20372026156,111535.41597312177,-6.841963322841961
2024-07-06 10:48:00,109729.09670851506,111535.41597312177,-1.6195028716636493
2024-07-07 00:01:00,109729.09670851506,111535.41597312177,-1.6195028716636493
2024-07-07 11:01:00,111004.84120791256,111535.41597312177,-0.4757007095728861
2024-07-07 16:27:00,114449.49867986029,114449.49867986029,0.0
2024-07-08 09:30:00,114449.49867986029,114449.49867986029,0.0
2024-07-08 14:09:00,114449.49867986029,114449.49867986029,0.0
2024-07-09 00:55:00,112338.73547124602,114449.49867986029,-1.8442747525863132
2024-07-09 02:48:00,112880.04766166038,114449.49867986029,-1.3713044061381139
2024-07-09 10:02:00,112880.04766166038,114449.49867986029,-1.3713044061381139
2024-07-10 01:11:00,113034.81911873454,114449.49867986029,-1.2360731828829727
2024-07-13 06:41:00,113034.81911873454,114449.49867986029,-1.2360731828829727
2024-07-13 08:05:00,113095.52332043853,114449.49867986029,-1.1830330189642162
2024-08-01 22:35:00,113095.52332043853,114449.49867986029,-1.1830330189642162
2024-08-02 08:32:00,112789.04727060202,114449.49867986029,-1.4508157994670696
2024-08-02 11:08:00,112789.04727060202,114449.49867986029,-1.4508157994670696
2024-08-02 16:42:00,113076.0800445563,114449.49867986029,-1.2000215388847875
2024-08-03 13:07:00,113076.0800445563,114449.49867986029,-1.2000215388847875
2024-08-03 14:14:00,113027.36329952953,114449.49867986029,-1.2425876886615066
2024-08-04 15:12:00,113027.36329952953,114449.49867986029,-1.2425876886615066
2024-08-05 01:34:00,113001.62270235473,114449.49867986029,-1.2650784793348764
2024-08-10 18:11:00,113001.62270235473,114449.49867986029,-1.2650784793348764
2024-08-12 03:39:00,112995.83204591586,114449.49867986029,-1.2701380527761426
2024-08-16 10:39:00,112995.83204591586,114449.49867986029,-1.2701380527761426
2024-08-21 08:20:00,112958.18832770408,114449.49867986029,-1.3030291695097147
2024-08-30 23:59:00,112958.18832770408,114449.49867986029,-1.3030291695097147
2024-09-04 19:10:00,112958.18832770408,114449.49867986029,-1.3030291695097147
2024-09-04 19:30:00,107288.88449067362,114449.49867986029,-6.256571039438487
2024-09-04 23:15:00,107387.6348971465,114449.49867986029,-6.170288087034202
2024-09-05 22:44:00,107387.6348971465,114449.49867986029,-6.170288087034202
2024-09-05 23:30:00,107340.26018100926,114449.49867986029,-6.2116816419939855
2024-09-06 09:28:00,107340.26018100926,114449.49867986029,-6.2116816419939855
2024-09-06 21:48:00,107340.26018100926,114449.49867986029,-6.2116816419939855
2024-09-06 23:25:00,106283.61621964163,114449.49867986029,-7.134922000017128
2024-09-10 18:04:00,107426.05794652723,114449.49867986029,-6.136716031390513
2024-09-11 21:04:00,107426.05794652723,114449.49867986029,-6.136716031390513
2024-09-13 02:25:00,108085.92756027314,114449.49867986029,-5.5601563947321635
2024-09-13 09:16:00,108085.92756027314,114449.49867986029,-5.5601563947321635
2024-09-14 20:47:00,108369.89551011803,114449.49867986029,-5.312040017534903
2024-09-17 08:29:00,108369.89551011803,114449.49867986029,-5.312040017534903
2024-09-18 07:42:00,108462.85150597461,114449.49867986029,-5.230819918776237
2024-09-19 03:00:00,108462.85150597461,114449.49867986029,-5.230819918776237
2024-09-19 13:30:00,108948.77405568803,114449.49867986029,-4.806246150154806
2024-09-21 18:01:00,108948.77405568803,114449.49867986029,-4.806246150154806
2024-09-26 11:27:00,108835.35402339221,114449.49867986029,-4.905346656145732
2024-09-26 12:08:00,108835.35402339221,114449.49867986029,-4.905346656145732
2024-09-27 20:25:00,109917.24717881705,114449.49867986029,-3.960044869852087
2024-09-28 00:54:00,109917.24717881705,114449.49867986029,-3.960044869852087
2024-09-29 03:09:00,109781.24861495744,114449.49867986029,-4.078873318581276
2024-09-29 04:53:00,109781.24861495744,114449.49867986029,-4.078873318581276
2024-09-29 07:28:00,109781.24861495744,114449.49867986029,-4.078873318581276
2024-09-30 18:00:00,109781.24861495744,114449.49867986029,-4.078873318581276
2024-09-30 19:55:00,109745.87189647411,114449.49867986029,-4.109783649243609
2024-09-30 19:56:00,109706.71822354979,114449.49867986029,-4.1439940856159385
2024-09-30 19:59:00,109679.25839726317,114449.49867986029,-4.167987048978261
2024-09-30 23:03:00,109849.29402460989,114449.49867986029,-4.01941879021957
2024-10-01 15:32:00,109849.29402460989,114449.49867986029,-4.01941879021957
2024-10-01 16:02:00,109847.63887658846,114449.49867986029,-4.020864972195478
2024-10-01 22:20:00,109920.84724015136,114449.49867986029,-3.9568993241084787
2024-10-01 22:26:00,109596.1396740301,114449.49867986029,-4.24061185222495
2024-10-01 23:00:00,109596.1396740301,114449.49867986029,-4.24061185222495
2024-10-01 23:27:00,109596.1396740301,114449.49867986029,-4.24061185222495
2024-10-02 00:06:00,109475.6328998843,114449.49867986029,-4.34590438345996
2024-10-02 02:28:00,109475.6328998843,114449.49867986029,-4.34590438345996
2024-10-02 02:32:00,109475.6328998843,114449.49867986029,-4.34590438345996
2024-10-02 04:13:00,109538.42773532013,114449.49867986029,-4.291037532875067
2024-10-02 06:50:00,109538.42773532013,114449.49867986029,-4.291037532875067
2024-10-02 06:51:00,109538.42773532013,114449.49867986029,-4.291037532875067
2024-10-02 13:42:00,109614.7527170048,114449.49867986029,-4.224348746497624
2024-10-02 13:43:00,109608.4592067136,114449.49867986029,-4.229847687396269
2024-10-02 20:39:00,109608.4592067136,114449.49867986029,-4.229847687396269
2024-10-02 22:01:00,109608.4592067136,114449.49867986029,-4.229847687396269
2024-10-02 22:40:00,109523.76493175482,114449.49867986029,-4.303849125528982
2024-10-03 04:10:00,109523.76493175482,114449.49867986029,-4.303849125528982
2024-10-03 04:18:00,109523.76493175482,114449.49867986029,-4.303849125528982
2024-10-03 04:21:00,109523.76493175482,114449.49867986029,-4.303849125528982
2024-10-03 04:23:00,109523.76493175482,114449.49867986029,-4.303849125528982
2024-10-04 13:27:00,109481.6210237047,114449.49867986029,-4.3406722733245005
2024-10-05 00:06:00,109648.92849347161,114449.49867986029,-4.194487736304463
2024-10-05 11:34:00,110097.32227271043,114449.49867986029,-3.8027046490818015
2024-10-05 14:13:00,110097.32227271043,114449.49867986029,-3.8027046490818015
2024-10-06 02:08:00,110097.32227271043,114449.49867986029,-3.8027046490818015
2024-10-06 02:10:00,110047.10009128498,114449.49867986029,-3.846586170630381
2024-10-06 20:32:00,110047.10009128498,114449.49867986029,-3.846586170630381
2024-10-06 23:35:00,110047.10009128498,114449.49867986029,-3.846586170630381
2024-10-07 06:49:00,110059.64140392822,114449.49867986029,-3.835628226045302
2024-10-07 13:15:00,110059.64140392822,114449.49867986029,-3.835628226045302
2024-10-07 17:11:00,110059.64140392822,114449.49867986029,-3.835628226045302
2024-10-07 17:12:00,110059.64140392822,114449.49867986029,-3.835628226045302
2024-10-07 19:25:00,109765.1996921464,114449.49867986029,-4.0928960299047485
2024-10-07 19:27:00,109693.1607057955,114449.49867986029,-4.1558399372017245
2024-10-08 00:24:00,109693.1607057955,114449.49867986029,-4.1558399372017245
2024-10-08 19:15:00,109693.1607057955,114449.49867986029,-4.1558399372017245
2024-10-09 09:35:00,109533.54792492953,114449.49867986029,-4.295301256567077
2024-10-10 05:41:00,109533.54792492953,114449.49867986029,-4.295301256567077
2024-10-10 09:52:00,109533.54792492953,114449.49867986029,-4.295301256567077
2024-10-11 03:04:00,109533.54792492953,114449.49867986029,-4.295301256567077
2024-10-11 19:06:00,109533.54792492953,114449.49867986029,-4.295301256567077
2024-10-11 19:07:00,109533.54792492953,114449.49867986029,-4.295301256567077
2024-10-11 19:08:00,109533.54792492953,114449.49867986029,-4.295301256567077
2024-10-12 09:34:00,109834.04751261702,114449.49867986029,-4.032740396839722
2024-10-14 18:46:00,110291.75015200354,114449.49867986029,-3.632823713354008
2024-10-14 21:39:00,110291.75015200354,114449.49867986029,-3.632823713354008
2024-10-15 04:47:00,110940.41507309675,114449.49867986029,-3.066054152477501
2024-10-15 08:28:00,111863.32040111056,114449.49867986029,-2.2596676338302095
2024-10-15 09:14:00,113204.20646016613,114449.49867986029,-1.088071362529524
2024-10-15 09:16:00,113917.20478086347,114449.49867986029,-0.46509063397976436
2024-10-15 20:28:00,113914.04360943467,114449.49867986029,-0.4678527006251094
2024-10-15 20:32:00,114002.63355033685,114449.49867986029,-0.3904474328659335
2024-10-16 00:05:00,116123.51038512221,116123.51038512221,0.0
2024-10-20 23:06:00,116167.20370609104,116167.20370609104,0.0
2024-10-25 01:24:00,116167.20370609104,116167.20370609104,0.0
2024-10-25 17:55:00,126476.37364002633,126476.37364002633,0.0
2024-10-25 17:59:00,126476.37364002633,126476.37364002633,0.0
2024-10-25 23:39:00,126474.73839349576,126476.37364002633,-0.0012929264838208484
2024-10-26 03:05:00,126474.73839349576,126476.37364002633,-0.0012929264838208484
2024-10-26 04:29:00,126634.03086742845,126634.03086742845,0.0
2024-10-26 14:32:00,126634.03086742845,126634.03086742845,0.0
2024-10-26 14:42:00,126634.03086742845,126634.03086742845,0.0
2024-10-26 14:44:00,126634.03086742845,126634.03086742845,0.0
2024-10-26 19:28:00,126634.03086742845,126634.03086742845,0.0
2024-10-26 20:04:00,126634.03086742845,126634.03086742845,0.0
2024-10-28 06:17:00,126793.91032071937,126793.91032071937,0.0
2024-10-28 06:18:00,127119.68207393924,127119.68207393924,0.0
2024-10-28 06:19:00,128148.87660114716,128148.87660114716,0.0
2024-10-28 06:21:00,128114.07395539392,128148.87660114716,-0.027157979590847297
2024-10-29 16:27:00,128114.07395539392,128148.87660114716,-0.027157979590847297
2024-10-29 18:29:00,129356.70399604086,129356.70399604086,0.0
2024-10-29 18:30:00,129356.70399604086,129356.70399604086,0.0
2024-10-30 01:56:00,129356.70399604086,129356.70399604086,0.0
2024-11-01 01:07:00,129356.70399604086,129356.70399604086,0.0
2024-11-02 05:09:00,129356.70399604086,129356.70399604086,0.0
2024-11-04 00:35:00,130697.65538962942,130697.65538962942,0.0
2024-11-04 21:12:00,130697.65538962942,130697.65538962942,0.0
2024-11-04 22:58:00,130607.75929742982,130697.65538962942,-0.06878171756915626
2024-11-05 00:53:00,130607.75929742982,130697.65538962942,-0.06878171756915626
2024-11-05 14:26:00,130607.75929742982,130697.65538962942,-0.06878171756915626
2024-11-06 04:59:00,130607.75929742982,130697.65538962942,-0.06878171756915626
2024-11-06 06:11:00,130695.43954817686,130697.65538962942,-0.0016953949525385593
2024-11-06 08:55:00,130738.86503275615,130738.86503275615,0.0
2024-11-06 17:23:00,130738.86503275615,130738.86503275615,0.0
2024-11-06 17:56:00,130788.5143120799,130788.5143120799,0.0
2024-11-07 04:38:00,130788.5143120799,130788.5143120799,0.0
2024-11-07 15:07:00,130788.5143120799,130788.5143120799,0.0
2024-11-07 15:08:00,130788.5143120799,130788.5143120799,0.0
2024-11-07 15:10:00,130788.5143120799,130788.5143120799,0.0
2024-11-07 15:17:00,134086.42924889195,134086.42924889195,0.0
2024-11-09 16:53:00,134086.42924889195,134086.42924889195,0.0
2024-11-10 20:24:00,134086.42924889195,134086.42924889195,0.0
2024-11-10 22:50:00,134086.42924889195,134086.42924889195,0.0
2024-11-11 15:04:00,134086.42924889195,134086.42924889195,0.0
2024-11-12 22:21:00,134079.7138738082,134086.42924889195,-0.005008243653998998
2024-11-13 01:15:00,133315.5396052999,134086.42924889195,-0.574919958649285
2024-11-13 01:17:00,132859.9252911343,134086.42924889195,-0.9147114772375629
2024-11-13 01:18:00,132779.63714878928,134086.42924889195,-0.9745893804636974
2024-11-13 01:21:00,132602.79868942208,134086.42924889195,-1.106473315592543
2024-11-13 07:59:00,132602.79868942208,134086.42924889195,-1.106473315592543
2024-11-14 11:42:00,133272.11760701463,134086.42924889195,-0.6073035477481347
2024-11-14 23:41:00,133502.65242877978,134086.42924889195,-0.4353735298809066
2024-11-15 02:11:00,133502.65242877978,134086.42924889195,-0.4353735298809066
2024-11-15 10:10:00,133502.65242877978,134086.42924889195,-0.4353735298809066
2024-11-16 00:08:00,141116.75963159534,141116.75963159534,0.0
2024-11-16 17:06:00,141077.54744029325,141116.75963159534,-0.027787054779648622
2024-11-18 11:28:00,141077.54744029325,141116.75963159534,-0.027787054779648622
2024-11-18 14:40:00,141077.54744029325,141116.75963159534,-0.027787054779648622
2024-11-18 18:52:00,141077.54744029325,141116.75963159534,-0.027787054779648622
2024-11-18 22:59:00,140830.22826981,141116.75963159534,-0.20304559326147253
2024-11-19 01:02:00,142502.12971269715,142502.12971269715,0.0
2024-11-19 01:11:00,142502.12971269715,142502.12971269715,0.0
2024-11-19 01:47:00,142533.21935456552,142533.21935456552,0.0
2024-11-19 07:13:00,143110.44083371604,143110.44083371604,0.0
2024-11-19 08:01:00,143110.44083371604,143110.44083371604,0.0
2024-11-19 09:23:00,143186.21200669374,143186.21200669374,0.0
2024-11-20 13:07:00,143186.21200669374,143186.21200669374,0.0
2024-11-21 10:43:00,143186.21200669374,143186.21200669374,0.0
2024-11-21 21:33:00,143186.21200669374,143186.21200669374,0.0
2024-11-21 21:34:00,143186.21200669374,143186.21200669374,0.0
2024-11-22 00:11:00,143146.9797191832,143186.21200669374,-0.02739948697622993
2024-11-22 00:12:00,142991.41456603157,143186.21200669374,-0.13604483136480955
2024-11-22 01:50:00,142991.41456603157,143186.21200669374,-0.13604483136480955
2024-11-22 04:00:00,142991.41456603157,143186.21200669374,-0.13604483136480955
2024-11-22 04:01:00,142991.41456603157,143186.21200669374,-0.13604483136480955
2024-11-22 04:02:00,142991.41456603157,143186.21200669374,-0.13604483136480955
2024-11-22 04:03:00,142991.31819208714,143186.21200669374,-0.13611213808595
2024-11-22 04:39:00,142712.8486807169,143186.21200669374,-0.3305928129132265
2024-11-22 20:24:00,142712.8486807169,143186.21200669374,-0.3305928129132265
2024-11-22 22:05:00,142712.8486807169,143186.21200669374,-0.3305928129132265
2024-11-22 22:26:00,142416.60759719842,143186.21200669374,-0.5374849985271853
2024-11-22 23:56:00,142179.57720185234,143186.21200669374,-0.7030249566168664
2024-11-22 23:58:00,142095.92761025165,143186.21200669374,-0.7614451008670589
2024-11-23 17:20:00,142095.92761025165,143186.21200669374,-0.7614451008670589
2024-11-23 17:29:00,142095.92761025165,143186.21200669374,-0.7614451008670589
2024-11-23 19:18:00,142095.92761025165,143186.21200669374,-0.7614451008670589
2024-11-24 00:26:00,142095.92761025165,143186.21200669374,-0.7614451008670589
2024-11-24 01:16:00,141986.15575939824,143186.21200669374,-0.8381088028499496
2024-11-24 01:20:00,141807.06978340357,143186.21200669374,-0.9631808845014316
2024-11-24 06:44:00,141807.06978340357,143186.21200669374,-0.9631808845014316
2024-11-24 20:18:00,141598.43903281537,143186.21200669374,-1.1088867787103283
2024-11-24 20:33:00,141528.85262870524,143186.21200669374,-1.1574853156329177
2024-11-24 21:33:00,140962.25789677977,143186.21200669374,-1.5531901282575966
2024-11-24 22:26:00,140962.25789677977,143186.21200669374,-1.5531901282575966
2024-11-24 22:30:00,140962.25789677977,143186.21200669374,-1.5531901282575966
2024-11-25 00:16:00,140962.25789677977,143186.21200669374,-1.5531901282575966
2024-11-25 09:06:00,140962.25789677977,143186.21200669374,-1.5531901282575966
2024-11-25 10:20:00,140962.25789677977,143186.21200669374,-1.5531901282575966
2024-11-25 10:25:00,148588.86318226153,148588.86318226153,0.0
2024-11-25 10:43:00,148588.8462042774,148588.86318226153,-1.1426148484116523e-05
2024-11-25 11:51:00,148588.8462042774,148588.86318226153,-1.1426148484116523e-05
2024-11-25 13:30:00,148599.66397618572,148599.66397618572,0.0
2024-11-25 20:53:00,148245.3108185031,148599.66397618572,-0.2384616143811895
2024-11-25 22:11:00,148522.08055455238,148599.66397618572,-0.05220968847263299
2024-11-25 22:14:00,147996.31415313692,148599.66397618572,-0.4060236792631614
2024-11-25 22:27:00,147589.23151440528,148599.66397618572,-0.6799695468640948
2024-11-25 22:29:00,147589.23151440528,148599.66397618572,-0.6799695468640948
2024-11-25 22:59:00,147527.85079132405,148599.66397618572,-0.7212756450333847
2024-11-26 01:17:00,147527.85079132405,148599.66397618572,-0.7212756450333847
2024-11-26 01:27:00,147527.85079132405,148599.66397618572,-0.7212756450333847
2024-11-26 01:28:00,147527.85079132405,148599.66397618572,-0.7212756450333847
2024-11-26 02:44:00,146849.68227975612,148599.66397618572,-1.177648488296752
2024-11-26 02:46:00,146342.34517397586,148599.66397618572,-1.5190605024326402
2024-11-26 02:47:00,146192.05014987677,148599.66397618572,-1.6202013933859176
2024-11-26 02:55:00,146187.74527415467,148599.66397618572,-1.623098355335163
2024-11-26 02:56:00,146186.51899755828,148599.66397618572,-1.6239235769834393
2024-11-26 08:00:00,146186.51899755828,148599.66397618572,-1.6239235769834393
2024-11-26 09:20:00,163773.3372041,163773.3372041,0.0
2024-11-26 09:38:00,163802.0818017157,163802.0818017157,0.0
2024-11-26 20:28:00,163802.0818017157,163802.0818017157,0.0
2024-11-26 23:30:00,163802.0818017157,163802.0818017157,0.0
2024-11-27 00:57:00,163802.0818017157,163802.0818017157,0.0
2024-11-27 00:59:00,164477.22309955396,164477.22309955396,0.0
2024-11-27 01:11:00,164477.22309955396,164477.22309955396,0.0
2024-11-27 01:12:00,164477.22309955396,164477.22309955396,0.0
2024-11-27 03:34:00,164379.92037969964,164477.22309955396,-0.059158780784752354
2024-11-27 03:35:00,164193.26797773852,164477.22309955396,-0.17264099944316696
2024-11-27 04:27:00,164193.26797773852,164477.22309955396,-0.17264099944316696
2024-11-27 05:40:00,164193.26797773852,164477.22309955396,-0.17264099944316696
2024-11-27 05:48:00,164193.26797773852,164477.22309955396,-0.17264099944316696
2024-11-27 05:58:00,164192.18173110925,164477.22309955396,-0.1733014231837947
2024-11-27 08:55:00,164184.9867831984,164477.22309955396,-0.17767585739131378
2024-11-27 18:48:00,164184.9867831984,164477.22309955396,-0.17767585739131378
2024-11-27 19:43:00,164184.9867831984,164477.22309955396,-0.17767585739131378
2024-11-27 19:46:00,164176.09878412233,164477.22309955396,-0.18307964455927708
2024-11-27 19:49:00,164194.1927912908,164477.22309955396,-0.17207872490152168
2024-11-27 19:58:00,164289.76883990498,164477.22309955396,-0.1139697376429537
2024-11-27 20:24:00,164054.67926351502,164477.22309955396,-0.25690112471268
2024-11-27 21:36:00,163445.44602141943,164477.22309955396,-0.6273069660897805
2024-11-29 19:43:00,163445.44602141943,164477.22309955396,-0.6273069660897805
2024-11-29 20:00:00,163445.44602141943,164477.22309955396,-0.6273069660897805
2024-11-30 09:30:00,164434.74433411894,164477.22309955396,-0.02582653368929431
2024-11-30 09:53:00,164502.13110201564,164502.13110201564,0.0
2024-11-30 10:02:00,167311.10813764768,167311.10813764768,0.0
2024-11-30 10:03:00,167374.1534024542,167374.1534024542,0.0
2024-11-30 10:18:00,167649.08445772645,167649.08445772645,0.0
2024-11-30 10:35:00,169490.36724171846,169490.36724171846,0.0
2024-11-30 21:28:00,169490.36724171846,169490.36724171846,0.0
2024-11-30 21:51:00,169490.36724171846,169490.36724171846,0.0
2024-12-01 15:09:00,169490.36724171846,169490.36724171846,0.0
2024-12-02 00:37:00,169490.36724171846,169490.36724171846,0.0
2024-12-02 00:40:00,169484.5191357924,169490.36724171846,-0.0034504060739489507
2024-12-02 00:53:00,169484.5191357924,169490.36724171846,-0.0034504060739489507
2024-12-02 08:22:00,169630.0583954922,169630.0583954922,0.0
2024-12-02 08:25:00,169675.86960862548,169675.86960862548,0.0
2024-12-02 11:13:00,169509.64600272386,169675.86960862548,-0.09796537733092253
2024-12-02 12:21:00,169509.64600272386,169675.86960862548,-0.09796537733092253
2024-12-02 12:29:00,169509.64600272386,169675.86960862548,-0.09796537733092253
2024-12-02 12:46:00,169484.7703739576,169675.86960862548,-0.11262605290231206
2024-12-02 12:48:00,169390.20139184632,169675.86960862548,-0.16836113316412127
2024-12-02 19:21:00,169161.17364663488,169675.86960862548,-0.3033406949248562
2024-12-02 21:54:00,168382.5374957459,169675.86960862548,-0.7622369143371893
2024-12-02 21:56:00,167977.53995315242,169675.86960862548,-1.000925859045503
2024-12-03 00:15:00,167977.53995315242,169675.86960862548,-1.000925859045503
2024-12-03 00:17:00,167977.53995315242,169675.86960862548,-1.000925859045503
2024-12-03 03:01:00,167289.95821685702,169675.86960862548,-1.4061583401763635
2024-12-03 03:02:00,166990.10817842183,169675.86960862548,-1.5828776574999335
2024-12-03 03:29:00,166990.10817842183,169675.86960862548,-1.5828776574999335
2024-12-03 06:53:00,166980.39762071625,169675.86960862548,-1.5886006620308522
2024-12-03 09:58:00,166980.39762071625,169675.86960862548,-1.5886006620308522
2024-12-03 11:21:00,166980.39762071625,169675.86960862548,-1.5886006620308522
2024-12-03 11:39:00,166882.59236837414,169675.86960862548,-1.6462430672636672
2024-12-03 11:55:00,166882.59236837414,169675.86960862548,-1.6462430672636672
2024-12-03 20:00:00,166870.30717199008,169675.86960862548,-1.6534834582588056
2024-12-03 21:42:00,166870.30717199008,169675.86960862548,-1.6534834582588056
2024-12-03 22:36:00,166870.30717199008,169675.86960862548,-1.6534834582588056
2024-12-03 22:53:00,166870.30717199008,169675.86960862548,-1.6534834582588056
2024-12-03 23:40:00,166870.30717199008,169675.86960862548,-1.6534834582588056
2024-12-04 00:02:00,167275.70246890982,169675.86960862548,-1.4145600934604834
2024-12-04 01:06:00,167514.7961946937,169675.86960862548,-1.273648055505181
2024-12-04 01:19:00,167343.05689908733,169675.86960862548,-1.3748641541776196
2024-12-04 01:42:00,167343.05689908733,169675.86960862548,-1.3748641541776196
2024-12-04 06:15:00,167343.05689908733,169675.86960862548,-1.3748641541776196
2024-12-04 06:16:00,167335.4969473324,169675.86960862548,-1.3793196797466738
2024-12-04 08:35:00,167335.4969473324,169675.86960862548,-1.3793196797466738
2024-12-04 08:52:00,167335.4969473324,169675.86960862548,-1.3793196797466738
2024-12-04 08:58:00,167335.4969473324,169675.86960862548,-1.3793196797466738
2024-12-04 09:24:00,167335.4969473324,169675.86960862548,-1.3793196797466738
2024-12-04 09:26:00,167335.4969473324,169675.86960862548,-1.3793196797466738
2024-12-04 10:01:00,167335.4969473324,169675.86960862548,-1.3793196797466738
2024-12-04 10:29:00,167335.4969473324,169675.86960862548,-1.3793196797466738
2024-12-04 11:51:00,167335.4969473324,169675.86960862548,-1.3793196797466738
2024-12-04 12:54:00,167461.4678649602,169675.86960862548,-1.305077586325634
2024-12-04 13:20:00,167461.4678649602,169675.86960862548,-1.305077586325634
2024-12-04 13:59:00,167372.98206513206,169675.86960862548,-1.3572274883902222
2024-12-04 15:34:00,167372.98206513206,169675.86960862548,-1.3572274883902222
2024-12-04 21:34:00,167510.95445896967,169675.86960862548,-1.2759122170108217
2024-12-04 21:36:00,167828.30287071172,169675.86960862548,-1.0888800759797834
2024-12-05 09:03:00,167872.3058725707,169675.86960862548,-1.062946511024158
2024-12-05 09:18:00,167872.3058725707,169675.86960862548,-1.062946511024158
2024-12-05 10:17:00,167872.3058725707,169675.86960862548,-1.062946511024158
2024-12-05 10:36:00,167910.84006041213,169675.86960862548,-1.0402360408021307
2024-12-05 10:46:00,167824.78502012487,169675.86960862548,-1.0909533528664543
2024-12-05 10:48:00,167824.78502012487,169675.86960862548,-1.0909533528664543
2024-12-05 15:09:00,167888.8574330904,169675.86960862548,-1.053191699949444
2024-12-05 15:10:00,167897.2579792353,169675.86960862548,-1.0482407625154562
2024-12-05 15:11:00,167974.1996456296,169675.86960862548,-1.0028944993303779
2024-12-05 15:20:00,168047.71124002858,169675.86960862548,-0.9595697799294655
2024-12-05 16:33:00,167929.92128886087,169675.86960862548,-1.0289903471788948
2024-12-05 16:48:00,167994.59627931096,169675.86960862548,-0.9908735598011318
2024-12-05 18:55:00,167994.59627931096,169675.86960862548,-0.9908735598011318
2024-12-05 21:16:00,167994.59627931096,169675.86960862548,-0.9908735598011318
2024-12-05 21:29:00,167994.59627931096,169675.86960862548,-0.9908735598011318
2024-12-05 22:51:00,167994.59627931096,169675.86960862548,-0.9908735598011318
2024-12-06 01:08:00,167994.59627931096,169675.86960862548,-0.9908735598011318
2024-12-06 02:47:00,167891.71831223927,169675.86960862548,-1.051505615089246
2024-12-06 06:14:00,167792.79423238192,169675.86960862548,-1.1098074113821057
2024-12-06 09:56:00,167792.79423238192,169675.86960862548,-1.1098074113821057
2024-12-06 10:02:00,167790.99679650267,169675.86960862548,-1.1108667463855966
2024-12-07 19:40:00,167790.99679650267,169675.86960862548,-1.1108667463855966
2024-12-07 19:41:00,167790.99679650267,169675.86960862548,-1.1108667463855966
2024-12-08 02:37:00,167790.99679650267,169675.86960862548,-1.1108667463855966
2024-12-08 18:49:00,167724.21417456347,169675.86960862548,-1.1502256853397577
2024-12-09 14:40:00,167724.21417456347,169675.86960862548,-1.1502256853397577
2024-12-09 20:46:00,167134.18006322742,169675.86960862548,-1.4979675962532077
2024-12-09 20:48:00,166316.06236771843,169675.86960862548,-1.9801326191265611
2024-12-09 20:51:00,165909.968907157,169675.86960862548,-2.2194674529471516
2024-12-09 20:52:00,165682.11988225282,169675.86960862548,-2.353752325292124
2024-12-10 01:33:00,165682.11988225282,169675.86960862548,-2.353752325292124
2024-12-10 04:55:00,165598.13126678154,169675.86960862548,-2.4032517713035197
2024-12-10 04:56:00,166500.06518643134,169675.86960862548,-1.8716889028000574
2024-12-10 09:32:00,166500.06518643134,169675.86960862548,-1.8716889028000574
2024-12-10 22:00:00,165084.50838720394,169675.86960862548,-2.7059600354558238
2024-12-11 01:55:00,165084.50838720394,169675.86960862548,-2.7059600354558238
2024-12-11 02:03:00,165084.50838720394,169675.86960862548,-2.7059600354558238
2024-12-11 02:34:00,164969.68484488677,169675.86960862548,-2.773632322966136
2024-12-11 23:07:00,164969.68484488677,169675.86960862548,-2.773632322966136
2024-12-13 04:32:00,164969.68484488677,169675.86960862548,-2.773632322966136
2024-12-13 04:37:00,164969.68484488677,169675.86960862548,-2.773632322966136
2024-12-13 04:58:00,164907.3546639103,169675.86960862548,-2.8103671757889046
2024-12-13 13:54:00,164907.3546639103,169675.86960862548,-2.8103671757889046
2024-12-14 19:45:00,164907.3546639103,169675.86960862548,-2.8103671757889046
2024-12-16 00:38:00,164907.3546639103,169675.86960862548,-2.8103671757889046
2024-12-16 07:08:00,164389.31960339125,169675.86960862548,-3.115675798466916
2024-12-16 08:28:00,164389.31960339125,169675.86960862548,-3.115675798466916
2024-12-16 19:06:00,165138.51341671444,169675.86960862548,-2.6741316855348414
2024-12-16 19:07:00,167613.64337470452,169675.86960862548,-1.2153915808286049
2024-12-16 19:17:00,166773.08174429313,169675.86960862548,-1.710784138621433
2024-12-16 19:52:00,169033.85223323692,169675.86960862548,-0.3783787151758461
2024-12-16 21:46:00,167344.25046784864,169675.86960862548,-1.3741607136919054
2024-12-17 18:29:00,167344.25046784864,169675.86960862548,-1.3741607136919054
2024-12-17 19:00:00,167427.01617428486,169675.86960862548,-1.3253820001204817
2024-12-17 20:16:00,167427.01617428486,169675.86960862548,-1.3253820001204817
2024-12-17 21:30:00,167440.80840052152,169675.86960862548,-1.3172534275258776
2024-12-18 01:20:00,166563.1068549097,169675.86960862548,-1.834534728418171
2024-12-18 07:23:00,165937.05663483782,169675.86960862548,-2.203503056982474
2024-12-19 05:08:00,167788.71387203987,169675.86960862548,-1.1122122084528157
2024-12-19 05:26:00,167788.71387203987,169675.86960862548,-1.1122122084528157
2024-12-19 06:36:00,167788.71387203987,169675.86960862548,-1.1122122084528157
2024-12-19 07:02:00,167429.72023869338,169675.86960862548,-1.323788335438074
2024-12-20 07:08:00,167429.72023869338,169675.86960862548,-1.323788335438074
2024-12-20 07:25:00,167429.72023869338,169675.86960862548,-1.323788335438074
2024-12-20 07:54:00,167464.9151898629,169675.86960862548,-1.3030458743853068
2024-12-20 08:02:00,167534.24103739354,169675.86960862548,-1.2621880625523354
2024-12-20 08:24:00,167534.24103739354,169675.86960862548,-1.2621880625523354
2024-12-20 08:27:00,167534.24103739354,169675.86960862548,-1.2621880625523354
2024-12-20 09:30:00,167534.24103739354,169675.86960862548,-1.2621880625523354
2024-12-20 10:05:00,167534.24103739354,169675.86960862548,-1.2621880625523354
2024-12-20 19:12:00,167534.24103739354,169675.86960862548,-1.2621880625523354
2024-12-20 21:12:00,167534.24103739354,169675.86960862548,-1.2621880625523354
2024-12-21 03:09:00,167534.24103739354,169675.86960862548,-1.2621880625523354
2024-12-21 08:50:00,167873.55247954003,169675.86960862548,-1.062211811993466
2024-12-21 08:54:00,167873.55247954003,169675.86960862548,-1.062211811993466
2024-12-21 09:31:00,167939.73047450813,169675.86960862548,-1.02320921538338
2024-12-21 17:03:00,167939.73047450813,169675.86960862548,-1.02320921538338
2024-12-21 21:20:00,168171.91025160052,169675.86960862548,-0.8863719752808635
2024-12-21 22:37:00,168171.91025160052,169675.86960862548,-0.8863719752808635
2024-12-22 12:16:00,168181.27925987242,169675.86960862548,-0.8808502659809453
2024-12-22 12:17:00,168297.5286136262,169675.86960862548,-0.812337663675195
2024-12-22 12:25:00,168297.5286136262,169675.86960862548,-0.812337663675195
2024-12-22 18:05:00,168372.84061189689,169675.86960862548,-0.7679518600577451
2024-12-22 18:55:00,168372.84061189689,169675.86960862548,-0.7679518600577451
2024-12-22 19:41:00,203815.98270133167,203815.98270133167,0.0
2024-12-23 00:15:00,203157.43817756456,203815.98270133167,-0.3231074006262442
2024-12-23 00:16:00,203202.03160117628,203815.98270133167,-0.30122814316042335
2024-12-23 00:17:00,202871.82270814446,203815.98270133167,-0.46324139092210426
2024-12-23 00:24:00,202863.22601026672,203815.98270133167,-0.46745926322230597
2024-12-23 00:58:00,202863.22601026672,203815.98270133167,-0.46745926322230597
2024-12-23 13:52:00,202863.22601026672,203815.98270133167,-0.46745926322230597
2024-12-23 22:25:00,203288.5909212105,203815.98270133167,-0.25875879463976836
2024-12-24 00:22:00,203288.5909212105,203815.98270133167,-0.25875879463976836
2024-12-24 07:29:00,203288.5909212105,203815.98270133167,-0.25875879463976836
2024-12-24 08:43:00,203288.5909212105,203815.98270133167,-0.25875879463976836
2024-12-24 14:28:00,203288.5909212105,203815.98270133167,-0.25875879463976836
2024-12-25 08:02:00,203915.62161918034,203915.62161918034,0.0
2024-12-25 20:48:00,203750.94034186818,203915.62161918034,-0.08075952004290865
2024-12-26 12:50:00,204256.69256128598,204256.69256128598,0.0
2024-12-26 13:37:00,204444.2298067396,204444.2298067396,0.0
2024-12-27 05:42:00,204444.2298067396,204444.2298067396,0.0
2024-12-27 06:32:00,204629.6002358338,204629.6002358338,0.0
2024-12-28 02:13:00,204629.6002358338,204629.6002358338,0.0
2024-12-28 19:08:00,204629.6002358338,204629.6002358338,0.0
2024-12-29 03:13:00,204629.6002358338,204629.6002358338,0.0
2024-12-29 08:09:00,204665.17031668313,204665.17031668313,0.0
2024-12-29 09:33:00,204679.4206391567,204679.4206391567,0.0
2024-12-30 10:36:00,204679.4206391567,204679.4206391567,0.0
2024-12-30 10:40:00,204679.4206391567,204679.4206391567,0.0
2024-12-30 11:30:00,204412.53526815286,204679.4206391567,-0.13039189292721487
2025-01-01 07:56:00,206279.6619738918,206279.6619738918,0.0
2025-01-01 11:38:00,206279.6619738918,206279.6619738918,0.0
2025-01-02 15:59:00,209649.67923021034,209649.67923021034,0.0
2025-01-02 16:08:00,209654.68653621906,209654.68653621906,0.0
2025-01-03 09:18:00,210198.5606127111,210198.5606127111,0.0
2025-01-04 09:22:00,210198.5606127111,210198.5606127111,0.0
2025-01-06 11:01:00,210198.5606127111,210198.5606127111,0.0
2025-01-07 08:15:00,209698.80167358354,210198.5606127111,-0.23775564288870438
2025-01-08 02:35:00,208111.78282939122,210198.5606127111,-0.9927650204821081
2025-01-08 18:16:00,208111.78282939122,210198.5606127111,-0.9927650204821081
2025-01-13 09:04:00,208198.23985520046,210198.5606127111,-0.9516338987668939
2025-01-13 09:20:00,208198.23985520046,210198.5606127111,-0.9516338987668939
2025-01-13 21:45:00,208198.23985520046,210198.5606127111,-0.9516338987668939
2025-01-13 22:45:00,208316.1506126879,210198.5606127111,-0.8955389582764662
2025-01-14 12:54:00,208316.1506126879,210198.5606127111,-0.8955389582764662
2025-01-14 13:17:00,208260.43849642336,210198.5606127111,-0.9220434767194746
2025-01-14 18:05:00,208260.43849642336,210198.5606127111,-0.9220434767194746
2025-01-15 06:24:00,211985.32951943044,211985.32951943044,0.0
2025-01-15 22:12:00,211985.32951943044,211985.32951943044,0.0
2025-01-15 22:35:00,211985.32951943044,211985.32951943044,0.0
2025-01-16 01:18:00,211985.32951943044,211985.32951943044,0.0
2025-01-16 03:37:00,213436.48348071304,213436.48348071304,0.0
2025-01-16 08:17:00,213436.48348071304,213436.48348071304,0.0
2025-01-16 15:11:00,217988.10549216214,217988.10549216214,0.0
2025-01-16 18:00:00,217988.10549216214,217988.10549216214,0.0
2025-01-16 20:12:00,217988.10549216214,217988.10549216214,0.0
2025-01-16 20:19:00,217865.06017070625,217988.10549216214,-0.05644588780570822
2025-01-17 07:30:00,217872.03680167985,217988.10549216214,-0.053245423744676515
2025-01-17 18:12:00,217872.03680167985,217988.10549216214,-0.053245423744676515
2025-01-17 21:24:00,218204.08012235613,218204.08012235613,0.0
2025-01-19 03:00:00,218204.08012235613,218204.08012235613,0.0
2025-01-19 03:03:00,218330.74998868705,218330.74998868705,0.0
2025-01-19 05:09:00,218330.74998868705,218330.74998868705,0.0
2025-01-19 05:42:00,218559.71433279268,218559.71433279268,0.0
2025-01-19 18:14:00,218559.71433279268,218559.71433279268,0.0
2025-01-19 18:31:00,219174.7269449814,219174.7269449814,0.0
2025-01-19 18:36:00,219174.7269449814,219174.7269449814,0.0
2025-01-19 19:33:00,219326.4660493559,219326.4660493559,0.0
2025-01-20 18:11:00,219326.4660493559,219326.4660493559,0.0
2025-01-20 20:21:00,219326.4660493559,219326.4660493559,0.0
2025-01-21 03:07:00,219326.4660493559,219326.4660493559,0.0
2025-01-21 03:35:00,219326.4660493559,219326.4660493559,0.0
2025-01-21 08:44:00,218216.57426439412,219326.4660493559,-0.5060455333794549
2025-01-21 15:03:00,222431.3014146554,222431.3014146554,0.0
2025-01-21 18:58:00,222431.3014146554,222431.3014146554,0.0
2025-01-21 20:28:00,222431.3014146554,222431.3014146554,0.0
2025-01-21 20:37:00,222449.2112772809,222449.2112772809,0.0
2025-01-22 00:14:00,222449.2112772809,222449.2112772809,0.0
2025-01-22 04:46:00,223015.47293281066,223015.47293281066,0.0
2025-01-22 08:35:00,223590.55461516438,223590.55461516438,0.0
2025-01-22 10:39:00,223590.55461516438,223590.55461516438,0.0
2025-01-22 10:46:00,223568.1363482592,223590.55461516438,-0.010026482086314478
2025-01-22 11:00:00,223402.49272990742,223590.55461516438,-0.08410994175520765
2025-01-22 18:32:00,223402.49272990742,223590.55461516438,-0.08410994175520765
2025-01-22 18:55:00,223402.49272990742,223590.55461516438,-0.08410994175520765
2025-01-22 18:56:00,223513.10824075146,223590.55461516438,-0.03463758768621279
2025-01-22 19:07:00,222876.67072243837,223590.55461516438,-0.31928177554490955
2025-01-22 22:10:00,222876.67072243837,223590.55461516438,-0.31928177554490955
2025-01-22 23:52:00,222876.67072243837,223590.55461516438,-0.31928177554490955
2025-01-23 01:28:00,224217.75801821874,224217.75801821874,0.0
2025-01-23 09:00:00,224298.7660666419,224298.7660666419,0.0
2025-01-23 14:01:00,225545.19740067137,225545.19740067137,0.0
2025-01-23 14:05:00,226117.66071396106,226117.66071396106,0.0
2025-01-23 21:05:00,226117.66071396106,226117.66071396106,0.0
2025-01-23 21:45:00,223311.26378274476,226117.66071396106,-1.241122397231231
2025-01-23 21:46:00,223311.26378274476,226117.66071396106,-1.241122397231231
2025-01-23 21:47:00,223311.26378274476,226117.66071396106,-1.241122397231231
2025-01-23 22:11:00,224300.80929100586,226117.66071396106,-0.8034982394645913
2025-01-23 22:15:00,224300.80929100586,226117.66071396106,-0.8034982394645913
2025-01-23 23:33:00,224300.80929100586,226117.66071396106,-0.8034982394645913
2025-01-24 00:09:00,224156.85971175297,226117.66071396106,-0.86715960001395
2025-01-24 02:41:00,224156.85971175297,226117.66071396106,-0.86715960001395
2025-01-24 05:13:00,224156.85971175297,226117.66071396106,-0.86715960001395
2025-01-24 05:19:00,223682.89923321246,226117.66071396106,-1.0767674993014233
2025-01-24 05:20:00,223682.89923321246,226117.66071396106,-1.0767674993014233
2025-01-24 05:29:00,223682.89923321246,226117.66071396106,-1.0767674993014233
2025-01-24 05:58:00,222703.23368544376,226117.66071396106,-1.5100222679362265
2025-01-24 08:48:00,223301.28432505534,226117.66071396106,-1.245535788762839
2025-01-24 09:51:00,223301.28432505534,226117.66071396106,-1.245535788762839
2025-01-24 13:49:00,226961.1736803827,226961.1736803827,0.0
2025-01-24 22:46:00,226961.1736803827,226961.1736803827,0.0
2025-01-25 00:16:00,227105.38195910482,227105.38195910482,0.0
2025-01-25 06:32:00,229328.0879600518,229328.0879600518,0.0
2025-01-25 08:57:00,229328.0879600518,229328.0879600518,0.0
2025-01-25 09:37:00,229350.91945640487,229350.91945640487,0.0
2025-01-25 12:35:00,229350.91945640487,229350.91945640487,0.0
2025-01-25 14:14:00,241150.9424765472,241150.9424765472,0.0
2025-01-25 14:28:00,250032.74864720894,250032.74864720894,0.0
2025-01-26 06:44:00,250406.12387490825,250406.12387490825,0.0
2025-01-26 09:40:00,250406.12387490825,250406.12387490825,0.0
2025-01-26 11:45:00,251042.71967881304,251042.71967881304,0.0
2025-01-26 16:25:00,262713.9332457613,262713.9332457613,0.0
2025-01-27 08:25:00,262713.9332457613,262713.9332457613,0.0
2025-01-27 08:34:00,262713.9332457613,262713.9332457613,0.0
2025-01-27 08:47:00,262713.9332457613,262713.9332457613,0.0
2025-01-27 15:08:00,262713.9332457613,262713.9332457613,0.0
2025-01-27 15:45:00,262713.9332457613,262713.9332457613,0.0
2025-01-27 15:47:00,262713.9332457613,262713.9332457613,0.0
2025-01-27 15:48:00,262713.9332457613,262713.9332457613,0.0
2025-01-27 16:28:00,262813.6001980541,262813.6001980541,0.0
2025-01-27 17:17:00,262813.6001980541,262813.6001980541,0.0
2025-01-27 20:50:00,263020.4030904203,263020.4030904203,0.0
2025-01-27 20:53:00,264676.02312540216,264676.02312540216,0.0
2025-01-27 20:59:00,266516.36627782584,266516.36627782584,0.0
2025-01-27 21:25:00,271656.125289646,271656.125289646,0.0
2025-01-27 22:09:00,271656.125289646,271656.125289646,0.0
2025-01-27 22:18:00,271651.2782845601,271656.125289646,-0.0017842428845420777
2025-01-28 06:22:00,271175.9686815979,271656.125289646,-0.17675162212378454
2025-01-28 06:34:00,271309.70813538815,271656.125289646,-0.12752046503220502
2025-01-28 06:37:00,271800.1126036942,271800.1126036942,0.0
2025-01-28 07:01:00,273315.9249284291,273315.9249284291,0.0
2025-01-28 09:16:00,274110.6195879531,274110.6195879531,0.0
2025-01-28 10:49:00,274110.6195879531,274110.6195879531,0.0
2025-01-28 15:17:00,274110.6195879531,274110.6195879531,0.0
2025-01-28 21:09:00,274346.5913427949,274346.5913427949,0.0
2025-01-28 22:45:00,274346.5913427949,274346.5913427949,0.0
2025-01-28 23:11:00,274341.1158301002,274346.5913427949,-0.001995837698541779
2025-01-28 23:14:00,274862.0912807528,274862.0912807528,0.0
2025-01-28 23:26:00,274796.35314929584,274862.0912807528,-0.02391676900609885
2025-01-28 23:28:00,274796.35314929584,274862.0912807528,-0.02391676900609885
2025-01-29 00:07:00,274796.35314929584,274862.0912807528,-0.02391676900609885
2025-01-29 05:53:00,274796.35314929584,274862.0912807528,-0.02391676900609885
2025-01-29 11:02:00,274968.2349913895,274968.2349913895,0.0
2025-01-29 15:22:00,274968.2349913895,274968.2349913895,0.0
2025-01-30 02:46:00,275490.8180080012,275490.8180080012,0.0
2025-01-30 03:57:00,275781.9924922856,275781.9924922856,0.0
2025-01-30 12:19:00,276564.3805701157,276564.3805701157,0.0
2025-01-30 16:31:00,276564.3805701157,276564.3805701157,0.0
2025-01-31 04:17:00,276564.3805701157,276564.3805701157,0.0
2025-01-31 05:40:00,276564.3805701157,276564.3805701157,0.0
2025-01-31 06:17:00,276477.1183337039,276564.3805701157,-0.03155223251523405
2025-01-31 12:37:00,276477.1183337039,276564.3805701157,-0.03155223251523405
2025-01-31 13:35:00,276481.9104341307,276564.3805701157,-0.029819507419934135
2025-01-31 18:58:00,276481.9104341307,276564.3805701157,-0.029819507419934135
2025-01-31 19:17:00,276481.9104341307,276564.3805701157,-0.029819507419934135
2025-01-31 21:01:00,276888.63547269464,276888.63547269464,0.0
2025-01-31 23:45:00,279305.5029227988,279305.5029227988,0.0
2025-01-31 23:50:00,279305.5029227988,279305.5029227988,0.0
2025-02-01 00:26:00,279426.36441693356,279426.36441693356,0.0
2025-02-01 00:57:00,279426.36441693356,279426.36441693356,0.0
2025-02-01 04:48:00,279426.36441693356,279426.36441693356,0.0
2025-02-01 18:43:00,279426.36441693356,279426.36441693356,0.0
2025-02-02 00:23:00,279514.9609398412,279514.9609398412,0.0
2025-02-02 07:26:00,279514.9609398412,279514.9609398412,0.0
2025-02-02 07:48:00,279514.9609398412,279514.9609398412,0.0
2025-02-02 08:06:00,279514.9609398412,279514.9609398412,0.0
2025-02-02 12:14:00,278488.87508567574,279514.9609398412,-0.36709514607567956
2025-02-02 13:04:00,277629.4452735797,279514.9609398412,-0.6745669927368787
2025-02-02 13:06:00,277922.38094321376,279514.9609398412,-0.5697655650604794
2025-02-02 13:08:00,278078.4253963636,279514.9609398412,-0.513938695319714
2025-02-02 13:09:00,278509.797519193,279514.9609398412,-0.35960988179970543
2025-02-02 13:11:00,278509.797519193,279514.9609398412,-0.35960988179970543
2025-02-02 13:12:00,278520.4511379817,279514.9609398412,-0.35579841541059615
2025-02-02 14:15:00,278520.4511379817,279514.9609398412,-0.35579841541059615
2025-02-02 16:03:00,278520.4511379817,279514.9609398412,-0.35579841541059615
2025-02-02 16:05:00,278520.4511379817,279514.9609398412,-0.35579841541059615
2025-02-02 22:52:00,278520.4511379817,279514.9609398412,-0.35579841541059615
2025-02-03 02:54:00,278090.1248517659,279514.9609398412,-0.5097530677014328
2025-02-03 04:25:00,278090.1248517659,279514.9609398412,-0.5097530677014328
2025-02-03 06:42:00,278090.1248517659,279514.9609398412,-0.5097530677014328
2025-02-03 06:44:00,277990.60884990095,279514.9609398412,-0.5453561715676317
2025-02-03 07:40:00,277990.60884990095,279514.9609398412,-0.5453561715676317
2025-02-03 07:42:00,278068.20937376376,279514.9609398412,-0.5175936061572189
2025-02-03 08:26:00,277989.02762492385,279514.9609398412,-0.5459218747313479
2025-02-03 11:24:00,277989.02762492385,279514.9609398412,-0.5459218747313479
2025-02-04 00:25:00,277989.02762492385,279514.9609398412,-0.5459218747313479
2025-02-04 00:26:00,277989.02762492385,279514.9609398412,-0.5459218747313479
2025-02-04 00:29:00,277960.60950550693,279514.9609398412,-0.5560888151059771
2025-02-04 00:55:00,277490.35649248585,279514.9609398412,-0.7243277571074717
2025-02-04 04:34:00,282039.3815815446,282039.3815815446,0.0
2025-02-04 04:37:00,282041.57274568564,282041.57274568564,0.0
2025-02-04 04:44:00,282041.40095969965,282041.57274568564,-6.090803718062288e-05
2025-02-04 11:02:00,282050.2026824425,282050.2026824425,0.0
2025-02-04 14:37:00,285893.9733030002,285893.9733030002,0.0
2025-02-05 10:45:00,285893.9733030002,285893.9733030002,0.0
2025-02-06 23:46:00,285877.3844922506,285893.9733030002,-0.005802434573184731
2025-02-08 02:19:00,285877.3844922506,285893.9733030002,-0.005802434573184731
2025-02-08 02:26:00,285877.3844922506,285893.9733030002,-0.005802434573184731
2025-02-08 02:28:00,285877.3844922506,285893.9733030002,-0.005802434573184731
2025-02-08 08:40:00,286411.4406578537,286411.4406578537,0.0
2025-02-08 08:42:00,287346.4801822024,287346.4801822024,0.0
2025-02-09 20:43:00,287346.4801822024,287346.4801822024,0.0
2025-02-09 21:02:00,287346.4801822024,287346.4801822024,0.0
2025-02-09 21:18:00,287346.4801822024,287346.4801822024,0.0
2025-02-09 22:00:00,287346.4801822024,287346.4801822024,0.0
2025-02-10 05:46:00,287358.32599151536,287358.32599151536,0.0
2025-02-10 06:31:00,287733.03294843517,287733.03294843517,0.0
2025-02-10 06:32:00,288199.22897798766,288199.22897798766,0.0
2025-02-10 06:33:00,288547.1804568173,288547.1804568173,0.0
2025-02-10 07:45:00,288547.1804568173,288547.1804568173,0.0
2025-02-10 07:52:00,288547.1804568173,288547.1804568173,0.0
2025-02-10 07:54:00,288547.1804568173,288547.1804568173,0.0
2025-02-10 09:47:00,289222.3055266368,289222.3055266368,0.0
2025-02-10 11:43:00,289359.849842223,289359.849842223,0.0
2025-02-10 11:45:00,289634.56035515765,289634.56035515765,0.0
2025-02-11 09:10:00,289634.56035515765,289634.56035515765,0.0
2025-02-11 16:12:00,289634.56035515765,289634.56035515765,0.0
2025-02-11 19:45:00,289634.56035515765,289634.56035515765,0.0
2025-02-11 22:30:00,289634.56035515765,289634.56035515765,0.0
2025-02-11 22:31:00,289634.56035515765,289634.56035515765,0.0
2025-02-11 23:05:00,289359.0958154118,289634.56035515765,-0.09510762093033392
2025-02-12 00:46:00,289359.0958154118,289634.56035515765,-0.09510762093033392
2025-02-12 00:47:00,289363.2252490849,289634.56035515765,-0.09368188165806401
2025-02-12 00:49:00,289389.66584418376,289634.56035515765,-0.08455293134686309
2025-02-12 00:55:00,289691.2582460115,289691.2582460115,0.0
2025-02-12 00:56:00,289939.36631497095,289939.36631497095,0.0
2025-02-12 00:59:00,289943.7787488476,289943.7787488476,0.0
2025-02-12 01:01:00,289943.7787488476,289943.7787488476,0.0
2025-02-12 01:02:00,289962.21312145895,289962.21312145895,0.0
2025-02-12 02:04:00,289964.9686701465,289964.9686701465,0.0
2025-02-12 09:12:00,289964.9686701465,289964.9686701465,0.0
2025-02-12 09:37:00,289964.9686701465,289964.9686701465,0.0
2025-02-12 09:51:00,291052.23041892465,291052.23041892465,0.0
2025-02-13 07:27:00,291052.23041892465,291052.23041892465,0.0
2025-02-13 07:48:00,290404.6574860572,291052.23041892465,-0.22249371940402884
2025-02-13 15:24:00,290404.6574860572,291052.23041892465,-0.22249371940402884
2025-02-14 01:32:00,290404.6574860572,291052.23041892465,-0.22249371940402884
2025-02-14 04:01:00,290404.6574860572,291052.23041892465,-0.22249371940402884
2025-02-14 04:33:00,290123.90286986873,291052.23041892465,-0.31895565538863363
2025-02-14 11:29:00,289856.9398139838,291052.23041892465,-0.4106790740687376
2025-02-14 15:57:00,290949.0361594792,291052.23041892465,-0.03545558104706562
2025-02-15 11:37:00,290949.0361594792,291052.23041892465,-0.03545558104706562
2025-02-15 12:41:00,290931.040647202,291052.23041892465,-0.04163849613803647
2025-02-15 13:03:00,290931.040647202,291052.23041892465,-0.04163849613803647
2025-02-15 13:34:00,291001.3152252414,291052.23041892465,-0.01749349029552202
2025-02-16 10:02:00,291001.3152252414,291052.23041892465,-0.01749349029552202
2025-02-16 22:59:00,291028.4672366337,291052.23041892465,-0.008164576597383469
2025-02-17 01:03:00,291028.4672366337,291052.23041892465,-0.008164576597383469
2025-02-17 08:19:00,291041.1012438992,291052.23041892465,-0.003823772458100441
2025-02-17 09:49:00,291041.1012438992,291052.23041892465,-0.003823772458100441
2025-02-17 10:55:00,291041.1012438992,291052.23041892465,-0.003823772458100441
2025-02-17 11:21:00,290978.7443860941,291052.23041892465,-0.025248400510375576
2025-02-17 14:47:00,291398.5985696819,291398.5985696819,0.0
2025-02-17 17:06:00,291789.4415999509,291789.4415999509,0.0
2025-02-18 03:47:00,291789.4415999509,291789.4415999509,0.0
2025-02-18 17:14:00,291789.4415999509,291789.4415999509,0.0
2025-02-18 17:24:00,291789.4415999509,291789.4415999509,0.0
2025-02-18 17:33:00,291796.9117340595,291796.9117340595,0.0
2025-02-18 19:00:00,291796.9117340595,291796.9117340595,0.0
2025-02-19 02:02:00,291796.9117340595,291796.9117340595,0.0
2025-02-19 03:26:00,291850.8106424782,291850.8106424782,0.0
2025-02-19 03:27:00,291894.49033499905,291894.49033499905,0.0
2025-02-19 03:28:00,291987.23178219487,291987.23178219487,0.0
2025-02-19 06:01:00,292188.9307910591,292188.9307910591,0.0
2025-02-19 09:01:00,292188.9307910591,292188.9307910591,0.0
2025-02-19 12:43:00,292188.9307910591,292188.9307910591,0.0
2025-02-19 20:16:00,292188.9307910591,292188.9307910591,0.0
2025-02-20 07:44:00,292188.9307910591,292188.9307910591,0.0
2025-02-20 07:48:00,292273.1867239363,292273.1867239363,0.0
2025-02-20 23:27:00,292273.1867239363,292273.1867239363,0.0
2025-02-21 01:28:00,291035.5300762836,292273.1867239363,-0.42345884052022015
2025-02-21 03:00:00,294618.5112707388,294618.5112707388,0.0
2025-02-21 07:07:00,295086.74983344454,295086.74983344454,0.0
2025-02-21 10:04:00,295086.74983344454,295086.74983344454,0.0
2025-02-21 14:35:00,295086.74983344454,295086.74983344454,0.0
2025-02-21 14:44:00,295167.9892456496,295167.9892456496,0.0
2025-02-21 19:56:00,295973.169907163,295973.169907163,0.0
2025-02-22 00:39:00,295973.169907163,295973.169907163,0.0
2025-02-22 00:40:00,295973.169907163,295973.169907163,0.0
2025-02-22 04:33:00,297327.89561873703,297327.89561873703,0.0
2025-02-22 04:40:00,296947.03228177986,297327.89561873703,-0.1280953931902698
2025-02-22 05:34:00,296947.03228177986,297327.89561873703,-0.1280953931902698
2025-02-22 09:51:00,297126.4365458144,297327.89561873703,-0.0677565327341428
2025-02-22 09:56:00,297489.8137434824,297489.8137434824,0.0
2025-02-23 02:44:00,297877.14032610843,297877.14032610843,0.0
2025-02-23 08:50:00,297877.14032610843,297877.14032610843,0.0
2025-02-24 03:13:00,297877.14032610843,297877.14032610843,0.0
2025-02-24 11:59:00,297882.0951681223,297882.0951681223,0.0
2025-02-24 13:38:00,297882.0951681223,297882.0951681223,0.0
2025-02-25 05:24:00,297882.0951681223,297882.0951681223,0.0
2025-02-25 05:27:00,297882.0951681223,297882.0951681223,0.0
2025-02-25 05:40:00,297882.0951681223,297882.0951681223,0.0
2025-02-25 07:31:00,298135.6496687286,298135.6496687286,0.0
2025-02-25 19:37:00,299244.5010056491,299244.5010056491,0.0
2025-02-25 19:38:00,301109.4815575038,301109.4815575038,0.0
2025-02-25 19:39:00,304278.9879364036,304278.9879364036,0.0
2025-02-26 00:11:00,304278.9879364036,304278.9879364036,0.0
2025-02-26 01:37:00,304504.0122654739,304504.0122654739,0.0
2025-02-26 02:54:00,304504.0122654739,304504.0122654739,0.0
2025-02-26 02:55:00,304504.0122654739,304504.0122654739,0.0
2025-02-26 12:02:00,304504.0122654739,304504.0122654739,0.0
2025-02-26 18:45:00,304504.0122654739,304504.0122654739,0.0
2025-02-27 06:05:00,304504.0122654739,304504.0122654739,0.0
2025-02-27 09:17:00,305416.3083690238,305416.3083690238,0.0
2025-02-28 13:51:00,305416.3083690238,305416.3083690238,0.0
2025-02-28 23:05:00,305416.3083690238,305416.3083690238,0.0
2025-02-28 23:21:00,305416.3083690238,305416.3083690238,0.0
2025-02-28 23:38:00,305317.10016341216,305416.3083690238,-0.03248294308231565
2025-03-01 20:15:00,304803.53096292756,305416.3083690238,-0.20063676670331182
2025-03-01 20:16:00,304910.0976973249,305416.3083690238,-0.16574447985510676
2025-03-01 21:05:00,304910.0976973249,305416.3083690238,-0.16574447985510676
2025-03-02 08:09:00,304969.57081823604,305416.3083690238,-0.14627167526626209
2025-03-02 15:59:00,308846.5951185561,308846.5951185561,0.0
2025-03-03 01:37:00,314954.0964716117,314954.0964716117,0.0
2025-03-03 01:39:00,314954.0964716117,314954.0964716117,0.0
2025-03-03 01:45:00,315466.3090208563,315466.3090208563,0.0
2025-03-03 03:24:00,315466.3090208563,315466.3090208563,0.0
2025-03-03 08:16:00,307476.21506411943,315466.3090208563,-2.5327883606767663
2025-03-03 11:00:00,322353.2802412567,322353.2802412567,0.0
2025-03-03 15:41:00,322719.31458570954,322719.31458570954,0.0
2025-03-03 18:03:00,320698.62133119226,322719.31458570954,-0.6261457443634376
2025-03-03 18:13:00,346703.6020283314,346703.6020283314,0.0
2025-03-04 13:28:00,346703.6020283314,346703.6020283314,0.0
2025-03-04 13:35:00,346696.0611806879,346703.6020283314,-0.002175012777310331
2025-03-04 20:22:00,346696.0611806879,346703.6020283314,-0.002175012777310331
2025-03-05 01:12:00,346696.0611806879,346703.6020283314,-0.002175012777310331
2025-03-05 01:18:00,346661.51952479215,346703.6020283314,-0.012137890490055654
2025-03-05 16:33:00,344759.301343853,346703.6020283314,-0.5607962170290758
2025-03-05 16:43:00,347271.84365210705,347271.84365210705,0.0
2025-03-07 09:14:00,347271.84365210705,347271.84365210705,0.0
2025-03-07 09:15:00,347271.84365210705,347271.84365210705,0.0
2025-03-07 13:57:00,347491.5673334015,347491.5673334015,0.0
2025-03-07 18:28:00,347491.5673334015,347491.5673334015,0.0
2025-03-08 00:12:00,347859.2102833261,347859.2102833261,0.0
2025-03-08 00:28:00,347859.2102833261,347859.2102833261,0.0
2025-03-08 00:29:00,347859.2102833261,347859.2102833261,0.0
2025-03-08 05:07:00,349595.1372260759,349595.1372260759,0.0
2025-03-10 06:30:00,349595.1372260759,349595.1372260759,0.0
2025-03-10 07:29:00,349595.1372260759,349595.1372260759,0.0
2025-03-10 12:18:00,349659.4904073243,349659.4904073243,0.0
2025-03-10 17:33:00,349659.4904073243,349659.4904073243,0.0
2025-03-11 02:08:00,357761.55236694874,357761.55236694874,0.0
2025-03-11 02:37:00,357761.55236694874,357761.55236694874,0.0
2025-03-11 05:25:00,358355.946571415,358355.946571415,0.0
2025-03-11 14:14:00,358357.0256606458,358357.0256606458,0.0
2025-03-11 19:31:00,358357.0256606458,358357.0256606458,0.0
2025-03-12 20:35:00,360594.31803091016,360594.31803091016,0.0
2025-03-12 22:06:00,360594.31803091016,360594.31803091016,0.0
2025-03-13 20:45:00,360011.7763051452,360594.31803091016,-0.1615504450946581
2025-03-13 22:44:00,360011.7763051452,360594.31803091016,-0.1615504450946581
2025-03-14 19:09:00,360011.7763051452,360594.31803091016,-0.1615504450946581
2025-03-15 05:10:00,360144.2404972616,360594.31803091016,-0.12481548131604268
2025-03-17 03:43:00,360744.5883366869,360744.5883366869,0.0
2025-03-18 08:31:00,360474.17675817193,360744.5883366869,-0.07495928899772832
2025-03-18 10:44:00,360474.17675817193,360744.5883366869,-0.07495928899772832
2025-03-18 23:36:00,360321.8103352198,360744.5883366869,-0.11719593727419464
2025-03-18 23:44:00,358291.2056421156,360744.5883366869,-0.6800885651211793
2025-03-20 03:05:00,358291.2056421156,360744.5883366869,-0.6800885651211793
2025-03-20 05:10:00,359244.15066713357,360744.5883366869,-0.41592797731811115
2025-03-21 10:57:00,359244.15066713357,360744.5883366869,-0.41592797731811115
2025-03-21 11:23:00,359128.6609714278,360744.5883366869,-0.44794223323204224
2025-03-21 15:37:00,359128.6609714278,360744.5883366869,-0.44794223323204224
2025-03-25 22:30:00,359128.6609714278,360744.5883366869,-0.44794223323204224
2025-03-25 23:01:00,359128.6609714278,360744.5883366869,-0.44794223323204224
2025-03-26 22:10:00,360004.94594303815,360744.5883366869,-0.20503215226569788
2025-03-26 22:11:00,360294.2691479461,360744.5883366869,-0.12483047654772166
2025-03-26 22:17:00,360294.6772820372,360744.5883366869,-0.12471733996734953
2025-03-28 06:30:00,360294.6772820372,360744.5883366869,-0.12471733996734953
2025-03-28 23:09:00,360294.6772820372,360744.5883366869,-0.12471733996734953
2025-03-30 11:18:00,360294.6772820372,360744.5883366869,-0.12471733996734953
2025-03-31 14:29:00,363679.52686118573,363679.52686118573,0.0
2025-03-31 15:40:00,363548.14175101917,363679.52686118573,-0.03612661710724041
2025-03-31 18:12:00,363548.14175101917,363679.52686118573,-0.03612661710724041
2025-04-01 23:45:00,363462.6045856898,363679.52686118573,-0.05964654578390556
2025-04-02 15:13:00,363377.34305952885,363679.52686118573,-0.0830906826856442
2025-04-03 07:08:00,361257.7872670593,363679.52686118573,-0.6658993468859122
2025-04-03 07:12:00,360954.79296462535,363679.52686118573,-0.7492128908318778
2025-04-03 07:27:00,360954.79296462535,363679.52686118573,-0.7492128908318778
2025-04-03 13:57:00,360954.79296462535,363679.52686118573,-0.7492128908318778
2025-04-03 13:59:00,360954.79296462535,363679.52686118573,-0.7492128908318778
2025-04-04 17:42:00,364077.8128007398,364077.8128007398,0.0
2025-04-04 22:48:00,363817.9072788315,364077.8128007398,-0.0713873553317839
2025-04-06 20:00:00,363817.9072788315,364077.8128007398,-0.0713873553317839
2025-04-07 06:36:00,363470.65128108504,364077.8128007398,-0.16676696527701776
2025-04-07 15:30:00,363470.65128108504,364077.8128007398,-0.16676696527701776
2025-04-07 21:59:00,363470.65128108504,364077.8128007398,-0.16676696527701776
2025-04-07 23:55:00,370090.2831967233,370090.2831967233,0.0
2025-04-08 02:23:00,370090.2831967233,370090.2831967233,0.0
2025-04-08 02:42:00,370296.2149323648,370296.2149323648,0.0
2025-04-08 20:31:00,372483.4553917422,372483.4553917422,0.0
2025-04-09 10:27:00,372213.079696912,372483.4553917422,-0.07258730311814524
2025-04-09 22:41:00,372213.079696912,372483.4553917422,-0.07258730311814524
2025-04-09 22:49:00,372202.09605748794,372483.4553917422,-0.07553606212075199
2025-04-09 23:22:00,372202.09605748794,372483.4553917422,-0.07553606212075199
2025-04-10 01:36:00,372202.09605748794,372483.4553917422,-0.07553606212075199
2025-04-10 02:29:00,372202.09605748794,372483.4553917422,-0.07553606212075199
2025-04-10 08:55:00,372202.09605748794,372483.4553917422,-0.07553606212075199
2025-04-10 18:38:00,375329.2252174276,375329.2252174276,0.0
2025-04-10 21:06:00,376355.02468818676,376355.02468818676,0.0
2025-04-13 01:41:00,376355.02468818676,376355.02468818676,0.0
2025-04-14 00:13:00,376266.559298072,376355.02468818676,-0.02350583473358653
2025-04-16 15:12:00,376502.80045526347,376502.80045526347,0.0
2025-04-16 20:10:00,376502.80045526347,376502.80045526347,0.0
2025-04-16 20:15:00,377112.4198206306,377112.4198206306,0.0
2025-04-16 20:18:00,377112.4198206306,377112.4198206306,0.0
2025-04-16 20:19:00,377188.8564607478,377188.8564607478,0.0
2025-04-16 20:36:00,377188.8564607478,377188.8564607478,0.0
2025-04-16 21:47:00,379190.5872369754,379190.5872369754,0.0
2025-04-17 02:46:00,379190.5872369754,379190.5872369754,0.0
2025-04-21 09:27:00,381408.8798173002,381408.8798173002,0.0
2025-04-21 23:25:00,381408.8798173002,381408.8798173002,0.0
2025-04-22 02:20:00,381985.09380183346,381985.09380183346,0.0
2025-04-22 23:05:00,381985.09380183346,381985.09380183346,0.0
2025-04-23 03:57:00,381320.8977875629,381985.09380183346,-0.1738800872201332
2025-04-23 06:45:00,381320.8977875629,381985.09380183346,-0.1738800872201332
2025-04-23 16:23:00,381597.3147700118,381985.09380183346,-0.10151679688915173
2025-04-24 01:20:00,381597.3147700118,381985.09380183346,-0.10151679688915173
2025-04-24 01:31:00,381627.4482230257,381985.09380183346,-0.09362815057733205
2025-04-24 01:58:00,381627.4482230257,381985.09380183346,-0.09362815057733205
2025-04-24 02:17:00,381627.4482230257,381985.09380183346,-0.09362815057733205
2025-04-24 07:44:00,382358.5792555896,382358.5792555896,0.0
2025-04-25 03:55:00,382358.5792555896,382358.5792555896,0.0
2025-04-25 04:04:00,382358.5792555896,382358.5792555896,0.0
2025-04-25 05:09:00,382250.65800786484,382358.5792555896,-0.028225140896497105
2025-04-25 08:03:00,382257.9615624721,382358.5792555896,-0.02631500862707518
2025-04-25 18:06:00,382257.9615624721,382358.5792555896,-0.02631500862707518
2025-04-25 23:34:00,382580.5461032495,382580.5461032495,0.0
2025-04-26 02:49:00,382580.5461032495,382580.5461032495,0.0
2025-04-26 03:36:00,382694.0909183266,382694.0909183266,0.0
2025-04-27 15:46:00,382066.2387146787,382694.0909183266,-0.16406111788694733
2025-04-28 00:12:00,382066.2387146787,382694.0909183266,-0.16406111788694733
2025-04-28 00:17:00,382066.2387146787,382694.0909183266,-0.16406111788694733
2025-04-28 01:33:00,382066.2387146787,382694.0909183266,-0.16406111788694733
2025-04-28 03:32:00,382097.4527327376,382694.0909183266,-0.15590472906369618
2025-04-28 05:04:00,381043.7541845646,382694.0909183266,-0.43124176017502447
2025-04-28 05:05:00,381161.4947345321,382694.0909183266,-0.4004755286701238
2025-04-28 08:15:00,381161.4947345321,382694.0909183266,-0.4004755286701238
2025-04-28 14:22:00,381426.62487288343,382694.0909183266,-0.3311956143356397
2025-04-29 17:23:00,381426.62487288343,382694.0909183266,-0.3311956143356397
2025-04-30 02:56:00,381426.62487288343,382694.0909183266,-0.3311956143356397
2025-04-30 21:34:00,381426.62487288343,382694.0909183266,-0.3311956143356397
2025-04-30 22:56:00,380836.37105788576,382694.0909183266,-0.4854320734304956
2025-05-01 05:51:00,381819.96054127,382694.0909183266,-0.2284149135825448
2025-05-01 08:05:00,383295.591521797,383295.591521797,0.0
2025-05-02 21:36:00,383295.591521797,383295.591521797,0.0
2025-05-03 00:45:00,383295.591521797,383295.591521797,0.0
2025-05-03 02:10:00,383209.28287449584,383295.591521797,-0.022517516300798967
2025-05-03 04:34:00,383209.28287449584,383295.591521797,-0.022517516300798967
2025-05-04 22:05:00,383209.28287449584,383295.591521797,-0.022517516300798967
2025-05-05 04:24:00,383209.28287449584,383295.591521797,-0.022517516300798967
2025-05-05 04:30:00,383209.28287449584,383295.591521797,-0.022517516300798967
2025-05-05 05:36:00,383061.3428417896,383295.591521797,-0.061114368437522215
2025-05-05 05:37:00,382983.79746468965,383295.591521797,-0.08134558914947108
2025-05-06 23:58:00,383000.3417519962,383295.591521797,-0.07702926314090366
2025-05-07 00:09:00,383000.3417519962,383295.591521797,-0.07702926314090366
2025-05-07 07:12:00,382881.24304919946,383295.591521797,-0.10810154923839772
2025-05-07 07:35:00,382881.24304919946,383295.591521797,-0.10810154923839772
2025-05-07 07:36:00,382881.24304919946,383295.591521797,-0.10810154923839772
2025-05-07 15:29:00,382422.60806367034,383295.591521797,-0.22775723943514703
2025-05-07 15:35:00,382493.56725706236,383295.591521797,-0.2092443227824176
2025-05-08 01:08:00,382493.56725706236,383295.591521797,-0.2092443227824176
2025-05-08 06:28:00,382423.62261544593,383295.591521797,-0.2274925476938306
2025-05-08 15:59:00,384467.1599573614,384467.1599573614,0.0
2025-05-09 00:51:00,384467.1599573614,384467.1599573614,0.0
2025-05-09 01:01:00,384478.3995689796,384478.3995689796,0.0
2025-05-09 16:48:00,384478.3995689796,384478.3995689796,0.0
2025-05-09 17:16:00,384834.0533771329,384834.0533771329,0.0
2025-05-09 17:44:00,381937.4303686755,384834.0533771329,-0.7526940464436402
2025-05-10 03:06:00,381937.4303686755,384834.0533771329,-0.7526940464436402
2025-05-10 03:13:00,381769.1306719642,384834.0533771329,-0.7964271036495647
2025-05-11 03:03:00,381769.1306719642,384834.0533771329,-0.7964271036495647
2025-05-11 04:35:00,382237.97465340374,384834.0533771329,-0.6745969336515689
2025-05-11 05:00:00,382237.97465340374,384834.0533771329,-0.6745969336515689
2025-05-11 05:03:00,382277.93733148277,384834.0533771329,-0.6642125412807969
2025-05-13 03:42:00,382277.93733148277,384834.0533771329,-0.6642125412807969
2025-05-13 05:53:00,382726.6528265846,384834.0533771329,-0.5476128040267549
2025-05-15 05:48:00,382726.6528265846,384834.0533771329,-0.5476128040267549
2025-05-15 05:52:00,382726.6528265846,384834.0533771329,-0.5476128040267549
2025-05-15 05:58:00,382726.6528265846,384834.0533771329,-0.5476128040267549
2025-05-15 06:56:00,382726.6528265846,384834.0533771329,-0.5476128040267549
2025-05-15 17:38:00,382726.6528265846,384834.0533771329,-0.5476128040267549
2025-05-15 18:21:00,382814.5880615272,384834.0533771329,-0.5247626341493989
2025-05-15 20:25:00,382932.2332821522,384834.0533771329,-0.49419225723170224
2025-05-15 20:29:00,383084.6905234844,384834.0533771329,-0.45457589792195263
2025-05-15 20:35:00,383656.850438063,384834.0533771329,-0.3058988487997192
2025-05-15 23:39:00,383656.850438063,384834.0533771329,-0.3058988487997192
2025-05-16 00:31:00,383656.850438063,384834.0533771329,-0.3058988487997192
2025-05-16 01:34:00,384072.0829402214,384834.0533771329,-0.19799974306452134
2025-05-16 01:35:00,384535.15572083974,384834.0533771329,-0.0776692326654009
2025-05-16 01:50:00,384535.15572083974,384834.0533771329,-0.0776692326654009
2025-05-16 02:51:00,384585.8743227784,384834.0533771329,-0.06448988912924489
2025-05-17 17:21:00,384585.8743227784,384834.0533771329,-0.06448988912924489
2025-05-17 17:33:00,384659.1685998229,384834.0533771329,-0.04544420530753505
2025-05-17 21:46:00,384659.1685998229,384834.0533771329,-0.04544420530753505
2025-05-18 21:47:00,385070.9597192556,385070.9597192556,0.0
2025-05-18 23:35:00,385070.9597192556,385070.9597192556,0.0
2025-05-19 04:54:00,384506.3068367903,385070.9597192556,-0.14663605972182595
2025-05-19 05:01:00,384506.3068367903,385070.9597192556,-0.14663605972182595
2025-05-19 05:48:00,384710.5132484219,385070.9597192556,-0.09360520749124372
2025-05-19 06:07:00,384710.5132484219,385070.9597192556,-0.09360520749124372
2025-05-19 19:48:00,384363.2189379802,385070.9597192556,-0.18379489894315398
2025-05-19 22:37:00,384363.2189379802,385070.9597192556,-0.18379489894315398
2025-05-20 00:08:00,384905.10223659914,385070.9597192556,-0.043071926996886306
